state_name,year,type_of_institution,approved_intake,institutions,total_approved_institutions
ANDAMAN AND NICOBAR ISLANDS,2012,Diploma,1.0,1.0,0.0
ANDAMAN AND NICOBAR ISLANDS,2012,UG+PG,270.0,90.0,0.0
ANDAMAN AND NICOBAR ISLANDS,2014,Diploma,270.0,1.0,0.0
ANDAMAN AND NICOBAR ISLANDS,2014,UG+PG,90.0,1.0,0.0
ANDAMAN AND NICOBAR ISLANDS,2015,Diploma,270.0,1.0,1.0
ANDAMAN AND NICOBAR ISLANDS,2015,UG+PG,90.0,1.0,1.0
ANDAMAN AND NICOBAR ISLANDS,2016,Diploma,1.0,60.0,4.0
ANDAMAN AND NICOBAR ISLANDS,2016,PG,3.0,190.0,4.0
ANDAMAN AND NICOBAR ISLANDS,2016,UG,1.0,270.0,4.0
ANDAMAN AND NICOBAR ISLANDS,2017,Diploma,1.0,420.0,1.0
ANDAMAN AND NICOBAR ISLANDS,2017,PG,0.0,0.0,1.0
ANDAMAN AND NICOBAR ISLANDS,2017,UG,1.0,90.0,1.0
ANDAMAN AND NICOBAR ISLANDS,2018,Diploma,2.0,480.0,2.0
ANDAMAN AND NICOBAR ISLANDS,2018,PG,0.0,0.0,2.0
ANDAMAN AND NICOBAR ISLANDS,2018,UG,1.0,90.0,2.0
ANDAMAN AND NICOBAR ISLANDS,2019,Diploma,480.0,2.0,2.0
ANDAMAN AND NICOBAR ISLANDS,2019,PG,0.0,0.0,2.0
ANDAMAN AND NICOBAR ISLANDS,2019,UG,90.0,1.0,2.0
ANDAMAN AND NICOBAR ISLANDS,2020,Diploma,480.0,3.0,2.0
ANDAMAN AND NICOBAR ISLANDS,2020,PG,0.0,0.0,2.0
ANDAMAN AND NICOBAR ISLANDS,2020,UG,90.0,1.0,2.0
ANDAMAN AND NICOBAR ISLANDS,2021,Diploma,468.0,2.0,2.0
ANDAMAN AND NICOBAR ISLANDS,2021,PG,0.0,0.0,2.0
ANDAMAN AND NICOBAR ISLANDS,2021,UG,90.0,1.0,2.0
ANDHRA PRADESH,2012,Diploma,1430.794475002281,252.63106051863295,0.0
ANDHRA PRADESH,2012,UG+PG,58087.559390711205,347523.62436647987,0.0
ANDHRA PRADESH,2013,Diploma,71979.92311542609,298.35083481202827,0.0
ANDHRA PRADESH,2013,UG+PG,353178.2226050489,1302.4274164092865,0.0
ANDHRA PRADESH,2014,Diploma,87616.0,335.0,0.0
ANDHRA PRADESH,2014,UG+PG,302777.0,1063.0,0.0
ANDHRA PRADESH,2015,Diploma,88636.0,346.0,1205.0
ANDHRA PRADESH,2015,UG+PG,294281.0,1029.0,1205.0
ANDHRA PRADESH,2016,Diploma,633.0,95981.0,842.0
ANDHRA PRADESH,2016,PG,447.0,185536.0,842.0
ANDHRA PRADESH,2016,UG,328.0,87397.0,842.0
ANDHRA PRADESH,2017,Diploma,321.0,85027.0,825.0
ANDHRA PRADESH,2017,PG,615.0,92522.0,825.0
ANDHRA PRADESH,2017,UG,439.0,180013.0,825.0
ANDHRA PRADESH,2018,Diploma,317.0,79676.0,791.0
ANDHRA PRADESH,2018,PG,582.0,88799.0,791.0
ANDHRA PRADESH,2018,UG,418.0,167171.0,791.0
ANDHRA PRADESH,2019,Diploma,79676.0,317.0,790.0
ANDHRA PRADESH,2019,PG,88499.0,581.0,790.0
ANDHRA PRADESH,2019,UG,167171.0,418.0,790.0
ANDHRA PRADESH,2020,Diploma,71732.0,314.0,749.0
ANDHRA PRADESH,2020,PG,81667.0,787.0,749.0
ANDHRA PRADESH,2020,UG,161488.0,409.0,749.0
ANDHRA PRADESH,2021,Diploma,70434.0,284.0,685.0
ANDHRA PRADESH,2021,PG,72411.0,487.0,685.0
ANDHRA PRADESH,2021,UG,156762.0,355.0,685.0
ARUNACHAL PRADESH,2012,Diploma,1.0,3.0,0.0
ARUNACHAL PRADESH,2012,UG+PG,470.0,186.0,0.0
ARUNACHAL PRADESH,2013,Diploma,470.0,3.0,0.0
ARUNACHAL PRADESH,2013,UG+PG,166.0,1.0,0.0
ARUNACHAL PRADESH,2014,Diploma,1340.0,8.0,0.0
ARUNACHAL PRADESH,2014,UG+PG,0.0,0.0,0.0
ARUNACHAL PRADESH,2015,Diploma,440.0,3.0,3.0
ARUNACHAL PRADESH,2015,UG+PG,0.0,0.0,3.0
ARUNACHAL PRADESH,2016,Diploma,1.0,18.0,8.0
ARUNACHAL PRADESH,2016,PG,0.0,0.0,8.0
ARUNACHAL PRADESH,2016,UG,7.0,980.0,8.0
ARUNACHAL PRADESH,2017,Diploma,8.0,1040.0,10.0
ARUNACHAL PRADESH,2017,PG,2.0,126.0,10.0
ARUNACHAL PRADESH,2017,UG,1.0,180.0,10.0
ARUNACHAL PRADESH,2018,Diploma,8.0,1040.0,10.0
ARUNACHAL PRADESH,2018,PG,2.0,198.0,10.0
ARUNACHAL PRADESH,2018,UG,1.0,360.0,10.0
ARUNACHAL PRADESH,2019,Diploma,1040.0,8.0,10.0
ARUNACHAL PRADESH,2019,PG,198.0,2.0,10.0
ARUNACHAL PRADESH,2019,UG,360.0,1.0,10.0
ARUNACHAL PRADESH,2020,Diploma,888.0,9.0,10.0
ARUNACHAL PRADESH,2020,PG,228.0,3.0,10.0
ARUNACHAL PRADESH,2020,UG,360.0,1.0,10.0
ARUNACHAL PRADESH,2021,Diploma,840.0,8.0,10.0
ARUNACHAL PRADESH,2021,PG,228.0,2.0,10.0
ARUNACHAL PRADESH,2021,UG,360.0,1.0,10.0
ASSAM,2012,Diploma,34.0,10.0,0.0
ASSAM,2012,UG+PG,1300.0,5973.0,0.0
ASSAM,2013,Diploma,2175.0,1.0,0.0
ASSAM,2013,UG+PG,7149.0,42.0,0.0
ASSAM,2014,Diploma,2215.0,14.0,0.0
ASSAM,2014,UG+PG,7467.0,42.0,0.0
ASSAM,2015,Diploma,2215.0,14.0,56.0
ASSAM,2015,UG+PG,7431.0,42.0,56.0
ASSAM,2016,Diploma,23.0,1863.0,47.0
ASSAM,2016,PG,21.0,5435.0,47.0
ASSAM,2016,UG,15.0,2335.0,47.0
ASSAM,2017,Diploma,26.0,4315.0,59.0
ASSAM,2017,PG,23.0,1854.0,59.0
ASSAM,2017,UG,22.0,5565.0,59.0
ASSAM,2018,Diploma,28.0,4395.0,60.0
ASSAM,2018,PG,23.0,1872.0,60.0
ASSAM,2018,UG,24.0,5505.0,60.0
ASSAM,2019,Diploma,4395.0,28.0,59.0
ASSAM,2019,PG,1812.0,22.0,59.0
ASSAM,2019,UG,5505.0,24.0,59.0
ASSAM,2020,Diploma,5430.0,36.0,68.0
ASSAM,2020,PG,1924.0,33.0,68.0
ASSAM,2020,UG,5585.0,29.0,68.0
ASSAM,2021,Diploma,5165.0,35.0,67.0
ASSAM,2021,PG,1845.0,26.0,67.0
ASSAM,2021,UG,5355.0,26.0,67.0
BIHAR,2012,Diploma,57.0,23.0,0.0
BIHAR,2012,UG+PG,6135.0,10203.0,0.0
BIHAR,2013,Diploma,8815.0,31.0,0.0
BIHAR,2013,UG+PG,11349.0,60.0,0.0
BIHAR,2014,Diploma,12125.0,42.0,0.0
BIHAR,2014,UG+PG,11667.0,63.0,0.0
BIHAR,2015,Diploma,14090.0,49.0,107.0
BIHAR,2015,UG+PG,12147.0,67.0,107.0
BIHAR,2016,Diploma,40.0,3367.0,119.0
BIHAR,2016,PG,34.0,10340.0,119.0
BIHAR,2016,UG,61.0,17390.0,119.0
BIHAR,2017,Diploma,65.0,18100.0,125.0
BIHAR,2017,PG,40.0,3307.0,125.0
BIHAR,2017,UG,37.0,10910.0,125.0
BIHAR,2018,Diploma,69.0,17855.0,134.0
BIHAR,2018,PG,38.0,3147.0,134.0
BIHAR,2018,UG,42.0,11290.0,134.0
BIHAR,2019,Diploma,17855.0,69.0,134.0
BIHAR,2019,PG,3147.0,38.0,134.0
BIHAR,2019,UG,11290.0,42.0,134.0
BIHAR,2020,Diploma,20045.0,84.0,164.0
BIHAR,2020,PG,3227.0,47.0,164.0
BIHAR,2020,UG,15706.0,66.0,164.0
BIHAR,2021,Diploma,19811.0,83.0,170.0
BIHAR,2021,PG,4442.0,47.0,170.0
BIHAR,2021,UG,15365.0,66.0,170.0
CHANDIGARH,2012,Diploma,8.0,10.0,0.0
CHANDIGARH,2012,UG+PG,860.0,1837.0,0.0
CHANDIGARH,2013,Diploma,903.0,10.0,0.0
CHANDIGARH,2013,UG+PG,1829.0,8.0,0.0
CHANDIGARH,2014,Diploma,1025.0,10.0,0.0
CHANDIGARH,2014,UG+PG,1845.0,8.0,0.0
CHANDIGARH,2015,Diploma,1025.0,10.0,18.0
CHANDIGARH,2015,UG+PG,2571.0,9.0,18.0
CHANDIGARH,2016,Diploma,8.0,758.0,12.0
CHANDIGARH,2016,PG,5.0,1041.0,12.0
CHANDIGARH,2016,UG,5.0,990.0,12.0
CHANDIGARH,2017,Diploma,5.0,960.0,14.0
CHANDIGARH,2017,PG,10.0,1095.0,14.0
CHANDIGARH,2017,UG,6.0,1546.0,14.0
CHANDIGARH,2018,Diploma,5.0,960.0,15.0
CHANDIGARH,2018,PG,10.0,1065.0,15.0
CHANDIGARH,2018,UG,7.0,1821.0,15.0
CHANDIGARH,2019,Diploma,960.0,5.0,15.0
CHANDIGARH,2019,PG,1065.0,10.0,15.0
CHANDIGARH,2019,UG,1821.0,7.0,15.0
CHANDIGARH,2020,Diploma,960.0,10.0,16.0
CHANDIGARH,2020,PG,930.0,12.0,16.0
CHANDIGARH,2020,UG,1815.0,7.0,16.0
CHANDIGARH,2021,Diploma,930.0,5.0,15.0
CHANDIGARH,2021,PG,912.0,11.0,15.0
CHANDIGARH,2021,UG,1800.0,7.0,15.0
CHHATTISGARH,2012,Diploma,6090.0,43.0,0.0
CHHATTISGARH,2012,UG+PG,31773.0,100.0,0.0
CHHATTISGARH,2013,Diploma,8130.0,53.0,0.0
CHHATTISGARH,2013,UG+PG,33525.0,95.0,0.0
CHHATTISGARH,2014,Diploma,12820.0,77.0,0.0
CHHATTISGARH,2014,UG+PG,35243.0,97.0,0.0
CHHATTISGARH,2015,Diploma,11502.0,72.0,144.0
CHHATTISGARH,2015,UG+PG,28476.0,95.0,144.0
CHHATTISGARH,2016,Diploma,45.0,4898.0,119.0
CHHATTISGARH,2016,PG,60.0,23982.0,119.0
CHHATTISGARH,2016,UG,72.0,12386.0,119.0
CHHATTISGARH,2017,Diploma,79.0,13520.0,124.0
CHHATTISGARH,2017,PG,45.0,4740.0,124.0
CHHATTISGARH,2017,UG,60.0,22538.0,124.0
CHHATTISGARH,2018,Diploma,85.0,13460.0,127.0
CHHATTISGARH,2018,PG,44.0,4475.0,127.0
CHHATTISGARH,2018,UG,62.0,20314.0,127.0
CHHATTISGARH,2019,Diploma,13460.0,85.0,127.0
CHHATTISGARH,2019,PG,4475.0,44.0,127.0
CHHATTISGARH,2019,UG,20314.0,62.0,127.0
CHHATTISGARH,2020,Diploma,11204.0,75.0,111.0
CHHATTISGARH,2020,PG,4048.0,56.0,111.0
CHHATTISGARH,2020,UG,14703.0,49.0,111.0
CHHATTISGARH,2021,Diploma,10092.0,62.0,100.0
CHHATTISGARH,2021,PG,3940.0,38.0,100.0
CHHATTISGARH,2021,UG,13400.0,44.0,100.0
DELHI,2012,Diploma,86.0,24.0,0.0
DELHI,2012,UG+PG,4615.0,21285.0,0.0
DELHI,2013,Diploma,5755.0,26.0,0.0
DELHI,2013,UG+PG,24244.0,90.0,0.0
DELHI,2014,Diploma,5865.0,27.0,0.0
DELHI,2014,UG+PG,24257.0,87.0,0.0
DELHI,2015,Diploma,5865.0,27.0,111.0
DELHI,2015,UG+PG,23503.0,87.0,111.0
DELHI,2016,Diploma,51.0,13132.0,77.0
DELHI,2016,PG,23.0,9270.0,77.0
DELHI,2016,UG,20.0,5360.0,77.0
DELHI,2017,Diploma,19.0,5330.0,78.0
DELHI,2017,PG,52.0,12824.0,78.0
DELHI,2017,UG,25.0,10010.0,78.0
DELHI,2018,Diploma,20.0,5750.0,78.0
DELHI,2018,PG,52.0,13044.0,78.0
DELHI,2018,UG,24.0,9893.0,78.0
DELHI,2019,Diploma,5750.0,20.0,78.0
DELHI,2019,PG,13034.0,52.0,78.0
DELHI,2019,UG,9893.0,24.0,78.0
DELHI,2020,Diploma,5595.0,25.0,79.0
DELHI,2020,PG,11529.0,71.0,79.0
DELHI,2020,UG,10756.0,23.0,79.0
DELHI,2021,Diploma,5825.0,21.0,83.0
DELHI,2021,PG,12149.0,60.0,83.0
DELHI,2021,UG,12004.0,23.0,83.0
GOA,2012,Diploma,9.0,8.0,0.0
GOA,2012,UG+PG,1220.0,1904.0,0.0
GOA,2013,Diploma,2055.0,9.0,0.0
GOA,2013,UG+PG,1982.0,9.0,0.0
GOA,2014,Diploma,2955.0,9.0,0.0
GOA,2014,UG+PG,2000.0,9.0,0.0
GOA,2015,Diploma,2955.0,9.0,17.0
GOA,2015,UG+PG,2018.0,9.0,17.0
GOA,2016,Diploma,5.0,615.0,17.0
GOA,2016,PG,8.0,1430.0,17.0
GOA,2016,UG,9.0,2955.0,17.0
GOA,2017,Diploma,9.0,2975.0,17.0
GOA,2017,PG,5.0,615.0,17.0
GOA,2017,UG,8.0,1430.0,17.0
GOA,2018,Diploma,9.0,2935.0,17.0
GOA,2018,PG,5.0,675.0,17.0
GOA,2018,UG,8.0,1490.0,17.0
GOA,2019,Diploma,2935.0,9.0,17.0
GOA,2019,PG,675.0,5.0,17.0
GOA,2019,UG,1490.0,8.0,17.0
GOA,2020,Diploma,2923.0,9.0,18.0
GOA,2020,PG,885.0,7.0,18.0
GOA,2020,UG,1590.0,9.0,18.0
GOA,2021,Diploma,2923.0,9.0,18.0
GOA,2021,PG,900.0,7.0,18.0
GOA,2021,UG,1440.0,9.0,18.0
GUJARAT,2012,Diploma,59436.0,122.0,0.0
GUJARAT,2012,UG+PG,93471.0,505.0,0.0
GUJARAT,2013,Diploma,68125.0,241.0,0.0
GUJARAT,2013,UG+PG,78264.0,386.0,0.0
GUJARAT,2014,Diploma,74610.0,154.0,0.0
GUJARAT,2014,UG+PG,109867.0,381.0,0.0
GUJARAT,2015,Diploma,72670.0,152.0,494.0
GUJARAT,2015,UG+PG,109036.0,375.0,494.0
GUJARAT,2016,Diploma,233.0,30306.0,422.0
GUJARAT,2016,PG,206.0,75976.0,422.0
GUJARAT,2016,UG,144.0,70774.0,422.0
GUJARAT,2017,Diploma,145.0,69145.0,427.0
GUJARAT,2017,PG,233.0,29902.0,427.0
GUJARAT,2017,UG,210.0,76017.0,427.0
GUJARAT,2018,Diploma,147.0,68765.0,420.0
GUJARAT,2018,PG,225.0,26007.0,420.0
GUJARAT,2018,UG,202.0,67901.0,420.0
GUJARAT,2019,Diploma,68765.0,147.0,418.0
GUJARAT,2019,PG,25962.0,224.0,418.0
GUJARAT,2019,UG,67741.0,200.0,418.0
GUJARAT,2020,Diploma,57368.0,156.0,396.0
GUJARAT,2020,PG,22502.0,257.0,396.0
GUJARAT,2020,UG,55870.0,196.0,396.0
GUJARAT,2021,Diploma,54487.0,142.0,370.0
GUJARAT,2021,PG,71894.0,197.0,370.0
GUJARAT,2021,UG,51482.0,171.0,370.0
HARYANA,2012,Diploma,438.0,232.0,0.0
HARYANA,2012,UG+PG,73343.0,97018.0,0.0
HARYANA,2013,Diploma,75863.0,239.0,0.0
HARYANA,2013,UG+PG,103081.0,428.0,0.0
HARYANA,2014,Diploma,79533.0,248.0,0.0
HARYANA,2014,UG+PG,103224.0,404.0,0.0
HARYANA,2015,Diploma,71768.0,243.0,586.0
HARYANA,2015,UG+PG,99660.0,395.0,586.0
HARYANA,2016,Diploma,221.0,27804.0,427.0
HARYANA,2016,PG,186.0,62046.0,427.0
HARYANA,2016,UG,207.0,62753.0,427.0
HARYANA,2017,Diploma,203.0,58843.0,417.0
HARYANA,2017,PG,202.0,24341.0,417.0
HARYANA,2017,UG,187.0,53856.0,417.0
HARYANA,2018,Diploma,203.0,50081.0,402.0
HARYANA,2018,PG,185.0,21039.0,402.0
HARYANA,2018,UG,188.0,46918.0,402.0
HARYANA,2019,Diploma,50141.0,203.0,402.0
HARYANA,2019,PG,21039.0,185.0,402.0
HARYANA,2019,UG,46978.0,188.0,402.0
HARYANA,2020,Diploma,36741.0,164.0,309.0
HARYANA,2020,PG,17234.0,238.0,309.0
HARYANA,2020,UG,33608.0,147.0,309.0
HARYANA,2021,Diploma,34244.0,134.0,287.0
HARYANA,2021,PG,16986.0,163.0,287.0
HARYANA,2021,UG,30870.0,124.0,287.0
HIMACHAL PRADESH,2012,Diploma,51.0,39.0,0.0
HIMACHAL PRADESH,2012,UG+PG,9748.0,11608.0,0.0
HIMACHAL PRADESH,2013,Diploma,11458.0,41.0,0.0
HIMACHAL PRADESH,2013,UG+PG,14518.0,62.0,0.0
HIMACHAL PRADESH,2014,Diploma,11878.0,46.0,0.0
HIMACHAL PRADESH,2014,UG+PG,14158.0,57.0,0.0
HIMACHAL PRADESH,2015,Diploma,10858.0,44.0,94.0
HIMACHAL PRADESH,2015,UG+PG,13738.0,57.0,94.0
HIMACHAL PRADESH,2016,Diploma,28.0,2104.0,72.0
HIMACHAL PRADESH,2016,PG,35.0,8978.0,72.0
HIMACHAL PRADESH,2016,UG,35.0,8998.0,72.0
HIMACHAL PRADESH,2017,Diploma,34.0,7968.0,69.0
HIMACHAL PRADESH,2017,PG,27.0,2095.0,69.0
HIMACHAL PRADESH,2017,UG,33.0,7880.0,69.0
HIMACHAL PRADESH,2018,Diploma,34.0,6870.0,66.0
HIMACHAL PRADESH,2018,PG,21.0,1481.0,66.0
HIMACHAL PRADESH,2018,UG,33.0,6333.0,66.0
HIMACHAL PRADESH,2019,Diploma,6870.0,34.0,66.0
HIMACHAL PRADESH,2019,PG,1481.0,21.0,66.0
HIMACHAL PRADESH,2019,UG,6333.0,33.0,66.0
HIMACHAL PRADESH,2020,Diploma,5000.0,34.0,57.0
HIMACHAL PRADESH,2020,PG,974.0,19.0,57.0
HIMACHAL PRADESH,2020,UG,3920.0,27.0,57.0
HIMACHAL PRADESH,2021,Diploma,4460.0,28.0,53.0
HIMACHAL PRADESH,2021,PG,884.0,16.0,53.0
HIMACHAL PRADESH,2021,UG,3995.0,25.0,53.0
JAMMU AND KASHMIR,2012,Diploma,30.321932661520037,18.584410340931637,0.0
JAMMU AND KASHMIR,2012,UG+PG,3760.8977768885334,3989.779462140008,0.0
JAMMU AND KASHMIR,2013,Diploma,5140.05664955767,31.300059521569075,0.0
JAMMU AND KASHMIR,2013,UG+PG,4347.773892917954,31.300059521569075,0.0
JAMMU AND KASHMIR,2014,Diploma,5961.6832119988585,36.190693821814236,0.0
JAMMU AND KASHMIR,2014,UG+PG,4286.151900734864,28.365678941421972,0.0
JAMMU AND KASHMIR,2015,Diploma,6255.121270013568,39.12507440196134,70.42513392353041
JAMMU AND KASHMIR,2015,UG+PG,4989.42511311012,32.278186381618106,70.42513392353041
JAMMU AND KASHMIR,2016,Diploma,17.606283480882603,1658.9031546431609,49.884469862500715
JAMMU AND KASHMIR,2016,PG,8.803141740441303,3271.8343468640173,49.884469862500715
JAMMU AND KASHMIR,2016,UG,30.32193266152004,5902.995600395918,49.884469862500715
JAMMU AND KASHMIR,2017,Diploma,29.343805801471003,5629.120079582188,51.84072358259878
JAMMU AND KASHMIR,2017,PG,19.56253720098067,1776.2783778490448,51.84072358259878
JAMMU AND KASHMIR,2017,UG,9.781268600490336,3301.178152665488,51.84072358259878
JAMMU AND KASHMIR,2018,Diploma,29.343805801471003,5560.651199378755,53.79697730269684
JAMMU AND KASHMIR,2018,PG,19.56253720098067,1623.6905876813955,53.79697730269684
JAMMU AND KASHMIR,2018,UG,11.737522320588402,3888.054268694908,53.79697730269684
JAMMU AND KASHMIR,2019,Diploma,5560.651199378755,29.343805801471003,52.81885044264781
JAMMU AND KASHMIR,2019,PG,1565.0029760784537,18.584410340931637,52.81885044264781
JAMMU AND KASHMIR,2019,UG,3888.054268694908,11.737522320588402,52.81885044264781
JAMMU AND KASHMIR,2020,Diploma,5306.338215766006,35.212566961765205,53.79697730269684
JAMMU AND KASHMIR,2020,PG,1373.290111508843,23.475044641176805,53.79697730269684
JAMMU AND KASHMIR,2020,UG,3697.3195309853463,11.737522320588402,53.79697730269684
JAMMU AND KASHMIR,2021,Diploma,5261.344380203751,30.32193266152004,52.81885044264781
JAMMU AND KASHMIR,2021,PG,1429.043342531638,16.62815662083357,52.81885044264781
JAMMU AND KASHMIR,2021,UG,3990.7575890000567,12.715649180637437,52.81885044264781
JHARKHAND,2012,Diploma,35.0,24.0,0.0
JHARKHAND,2012,UG+PG,5010.0,9227.0,0.0
JHARKHAND,2013,Diploma,7840.0,33.0,0.0
JHARKHAND,2013,UG+PG,9491.0,35.0,0.0
JHARKHAND,2014,Diploma,9400.0,35.0,0.0
JHARKHAND,2014,UG+PG,11099.0,40.0,0.0
JHARKHAND,2015,Diploma,9160.0,34.0,68.0
JHARKHAND,2015,UG+PG,10634.0,37.0,68.0
JHARKHAND,2016,Diploma,14.0,3104.0,62.0
JHARKHAND,2016,PG,18.0,7245.0,62.0
JHARKHAND,2016,UG,38.0,10180.0,62.0
JHARKHAND,2017,Diploma,46.0,12252.0,73.0
JHARKHAND,2017,PG,19.0,3243.0,73.0
JHARKHAND,2017,UG,19.0,6891.0,73.0
JHARKHAND,2018,Diploma,57.0,15177.0,82.0
JHARKHAND,2018,PG,17.0,3083.0,82.0
JHARKHAND,2018,UG,20.0,6681.0,82.0
JHARKHAND,2019,Diploma,15177.0,57.0,82.0
JHARKHAND,2019,PG,3083.0,17.0,82.0
JHARKHAND,2019,UG,6681.0,20.0,82.0
JHARKHAND,2020,Diploma,15222.0,60.0,86.0
JHARKHAND,2020,PG,3143.0,26.0,86.0
JHARKHAND,2020,UG,6710.0,26.0,86.0
JHARKHAND,2021,Diploma,16362.0,61.0,93.0
JHARKHAND,2021,PG,3335.0,20.0,93.0
JHARKHAND,2021,UG,7863.0,27.0,93.0
KARNATAKA,2012,Diploma,616.0,353.0,0.0
KARNATAKA,2012,UG+PG,93852.0,147353.0,0.0
KARNATAKA,2013,Diploma,98651.0,367.0,0.0
KARNATAKA,2013,UG+PG,155476.0,615.0,0.0
KARNATAKA,2014,Diploma,102061.0,375.0,0.0
KARNATAKA,2014,UG+PG,161985.0,599.0,0.0
KARNATAKA,2015,Diploma,101849.0,378.0,923.0
KARNATAKA,2015,UG+PG,158687.0,588.0,923.0
KARNATAKA,2016,Diploma,365.0,47843.0,749.0
KARNATAKA,2016,PG,267.0,107380.0,749.0
KARNATAKA,2016,UG,360.0,101373.0,749.0
KARNATAKA,2017,Diploma,361.0,100747.0,756.0
KARNATAKA,2017,PG,362.0,46318.0,756.0
KARNATAKA,2017,UG,273.0,108745.0,756.0
KARNATAKA,2018,Diploma,349.0,95808.0,751.0
KARNATAKA,2018,PG,363.0,49086.0,751.0
KARNATAKA,2018,UG,277.0,110303.0,751.0
KARNATAKA,2019,Diploma,95808.0,349.0,751.0
KARNATAKA,2019,PG,49206.0,363.0,751.0
KARNATAKA,2019,UG,110318.0,277.0,751.0
KARNATAKA,2020,Diploma,81944.0,335.0,743.0
KARNATAKA,2020,PG,51487.0,486.0,743.0
KARNATAKA,2020,UG,118204.0,281.0,743.0
KARNATAKA,2021,Diploma,79673.0,314.0,736.0
KARNATAKA,2021,PG,53006.0,362.0,736.0
KARNATAKA,2021,UG,115456.0,247.0,736.0
KERALA,2012,Diploma,339.0,68.0,0.0
KERALA,2012,UG+PG,16580.0,75401.0,0.0
KERALA,2013,Diploma,19850.0,72.0,0.0
KERALA,2013,UG+PG,81687.0,346.0,0.0
KERALA,2014,Diploma,21804.0,73.0,0.0
KERALA,2014,UG+PG,90022.0,355.0,0.0
KERALA,2015,Diploma,22020.0,75.0,434.0
KERALA,2015,UG+PG,89507.0,362.0,434.0
KERALA,2016,Diploma,224.0,22502.0,376.0
KERALA,2016,PG,215.0,66368.0,376.0
KERALA,2016,UG,78.0,23241.0,376.0
KERALA,2017,Diploma,82.0,22631.0,381.0
KERALA,2017,PG,226.0,22019.0,381.0
KERALA,2017,UG,213.0,64709.0,381.0
KERALA,2018,Diploma,87.0,23615.0,384.0
KERALA,2018,PG,218.0,20534.0,384.0
KERALA,2018,UG,216.0,60195.0,384.0
KERALA,2019,Diploma,23615.0,87.0,384.0
KERALA,2019,PG,20534.0,218.0,384.0
KERALA,2019,UG,60195.0,216.0,384.0
KERALA,2020,Diploma,27281.0,112.0,353.0
KERALA,2020,PG,18626.0,253.0,353.0
KERALA,2020,UG,54370.0,196.0,353.0
KERALA,2021,Diploma,28008.0,114.0,352.0
KERALA,2021,PG,18289.0,192.0,352.0
KERALA,2021,UG,53719.0,182.0,352.0
LADAKH,2012,Diploma,0.6780673384799607,0.4155896590683627,0.0
LADAKH,2012,UG+PG,84.10222311146609,89.22053785999226,0.0
LADAKH,2013,Diploma,114.94335044232882,0.6999404784309269,0.0
LADAKH,2013,UG+PG,97.22610708204598,0.6999404784309271,0.0
LADAKH,2014,Diploma,133.31678800114068,0.8093061781857593,0.0
LADAKH,2014,UG+PG,95.84809926513509,0.6343210585780277,0.0
LADAKH,2015,Diploma,139.8787299864306,0.8749255980386589,1.574866076469586
LADAKH,2015,UG+PG,111.57488688988,0.7218136183818935,1.574866076469586
LADAKH,2016,Diploma,0.3937165191173965,37.09684535683915,1.1155301374992903
LADAKH,2016,PG,0.1968582595586982,73.16565313598286,1.1155301374992903
LADAKH,2016,UG,0.6780673384799607,132.0043996040827,1.1155301374992903
LADAKH,2017,Diploma,0.6561941985289942,125.87992041781206,1.1592764174012231
LADAKH,2017,PG,0.4374627990193295,39.72162215095512,1.1592764174012231
LADAKH,2017,UG,0.2187313995096647,73.82184733451186,1.1592764174012231
LADAKH,2018,Diploma,0.6561941985289942,124.3488006212444,1.203022697303156
LADAKH,2018,PG,0.4374627990193295,36.30941231860435,1.203022697303156
LADAKH,2018,UG,0.2624776794115977,86.94573130509174,1.203022697303156
LADAKH,2019,Diploma,124.3488006212444,0.6561941985289942,1.1811495573521895
LADAKH,2019,PG,34.99702392154636,0.415589659068363,1.1811495573521895
LADAKH,2019,UG,86.94573130509174,0.2624776794115977,1.1811495573521895
LADAKH,2020,Diploma,118.66178423399312,0.787433038234793,1.203022697303156
LADAKH,2020,PG,30.70988849115693,0.5249553588231954,1.203022697303156
LADAKH,2020,UG,82.68046901465328,0.2624776794115977,1.203022697303156
LADAKH,2021,Diploma,117.65561979624869,0.6780673384799607,1.1811495573521895
LADAKH,2021,PG,31.95665746836202,0.37184337916643,1.1811495573521895
LADAKH,2021,UG,89.24241099994322,0.2843508193625641,1.1811495573521895
MADHYA PRADESH,2012,Diploma,19771.0,96.0,0.0
MADHYA PRADESH,2012,UG+PG,147729.0,632.0,0.0
MADHYA PRADESH,2013,Diploma,27676.0,143.0,0.0
MADHYA PRADESH,2013,UG+PG,32769.0,630.0,0.0
MADHYA PRADESH,2014,Diploma,34864.0,181.0,0.0
MADHYA PRADESH,2014,UG+PG,163985.0,619.0,0.0
MADHYA PRADESH,2015,Diploma,36616.0,184.0,708.0
MADHYA PRADESH,2015,UG+PG,157899.0,604.0,708.0
MADHYA PRADESH,2016,Diploma,366.0,46722.0,551.0
MADHYA PRADESH,2016,PG,302.0,105345.0,551.0
MADHYA PRADESH,2016,UG,193.0,39094.0,551.0
MADHYA PRADESH,2017,Diploma,203.0,40246.0,554.0
MADHYA PRADESH,2017,PG,365.0,46891.0,554.0
MADHYA PRADESH,2017,UG,288.0,95461.0,554.0
MADHYA PRADESH,2018,Diploma,234.0,41391.0,575.0
MADHYA PRADESH,2018,PG,364.0,46731.0,575.0
MADHYA PRADESH,2018,UG,292.0,87298.0,575.0
MADHYA PRADESH,2019,Diploma,41391.0,234.0,575.0
MADHYA PRADESH,2019,PG,46671.0,363.0,575.0
MADHYA PRADESH,2019,UG,87238.0,292.0,575.0
MADHYA PRADESH,2020,Diploma,43786.0,265.0,644.0
MADHYA PRADESH,2020,PG,72201.0,554.0,644.0
MADHYA PRADESH,2020,UG,83286.0,308.0,644.0
MADHYA PRADESH,2021,Diploma,39245.0,198.0,616.0
MADHYA PRADESH,2021,PG,89286.0,455.0,616.0
MADHYA PRADESH,2021,UG,75170.0,232.0,616.0
MAHARASHTRA,2012,Diploma,1163.0,638.0,0.0
MAHARASHTRA,2012,UG+PG,173212.0,266794.0,0.0
MAHARASHTRA,2013,Diploma,184819.0,675.0,0.0
MAHARASHTRA,2013,UG+PG,277967.0,1151.0,0.0
MAHARASHTRA,2014,Diploma,197073.0,707.0,0.0
MAHARASHTRA,2014,UG+PG,278612.0,1119.0,0.0
MAHARASHTRA,2015,Diploma,192998.0,717.0,1746.0
MAHARASHTRA,2015,UG+PG,273942.0,1113.0,1746.0
MAHARASHTRA,2016,Diploma,722.0,88137.0,1550.0
MAHARASHTRA,2016,PG,562.0,169347.0,1550.0
MAHARASHTRA,2016,UG,718.0,184933.0,1550.0
MAHARASHTRA,2017,Diploma,734.0,170723.0,1563.0
MAHARASHTRA,2017,PG,695.0,82436.0,1563.0
MAHARASHTRA,2017,UG,588.0,167702.0,1563.0
MAHARASHTRA,2018,Diploma,741.0,153556.0,1558.0
MAHARASHTRA,2018,PG,691.0,81990.0,1558.0
MAHARASHTRA,2018,UG,624.0,164769.0,1558.0
MAHARASHTRA,2019,Diploma,153556.0,741.0,1555.0
MAHARASHTRA,2019,PG,81410.0,688.0,1555.0
MAHARASHTRA,2019,UG,164102.0,622.0,1555.0
MAHARASHTRA,2020,Diploma,124565.0,607.0,1347.0
MAHARASHTRA,2020,PG,83246.0,830.0,1347.0
MAHARASHTRA,2020,UG,153134.0,582.0,1347.0
MAHARASHTRA,2021,Diploma,115688.0,495.0,1210.0
MAHARASHTRA,2021,PG,84474.0,680.0,1210.0
MAHARASHTRA,2021,UG,149451.0,504.0,1210.0
MANIPUR,2012,Diploma,2.0,2.0,0.0
MANIPUR,2012,UG+PG,250.0,155.0,0.0
MANIPUR,2013,Diploma,250.0,2.0,0.0
MANIPUR,2013,UG+PG,155.0,1.0,0.0
MANIPUR,2014,Diploma,100.0,1.0,0.0
MANIPUR,2014,UG+PG,155.0,2.0,0.0
MANIPUR,2015,Diploma,100.0,1.0,2.0
MANIPUR,2015,UG+PG,155.0,2.0,2.0
MANIPUR,2016,Diploma,1.0,40.0,4.0
MANIPUR,2016,PG,1.0,115.0,4.0
MANIPUR,2016,UG,3.0,370.0,4.0
MANIPUR,2017,Diploma,3.0,370.0,4.0
MANIPUR,2017,PG,1.0,40.0,4.0
MANIPUR,2017,UG,1.0,150.0,4.0
MANIPUR,2018,Diploma,3.0,370.0,4.0
MANIPUR,2018,PG,1.0,40.0,4.0
MANIPUR,2018,UG,1.0,150.0,4.0
MANIPUR,2019,Diploma,370.0,3.0,4.0
MANIPUR,2019,PG,40.0,1.0,4.0
MANIPUR,2019,UG,150.0,1.0,4.0
MANIPUR,2020,Diploma,210.0,2.0,3.0
MANIPUR,2020,PG,36.0,1.0,3.0
MANIPUR,2020,UG,150.0,1.0,3.0
MANIPUR,2021,Diploma,342.0,3.0,4.0
MANIPUR,2021,PG,36.0,1.0,4.0
MANIPUR,2021,UG,150.0,1.0,4.0
MEGHALAYA,2012,Diploma,3.0,5.0,0.0
MEGHALAYA,2012,UG+PG,380.0,630.0,0.0
MEGHALAYA,2013,Diploma,380.0,5.0,0.0
MEGHALAYA,2013,UG+PG,630.0,3.0,0.0
MEGHALAYA,2014,Diploma,380.0,5.0,0.0
MEGHALAYA,2014,UG+PG,630.0,3.0,0.0
MEGHALAYA,2015,Diploma,380.0,5.0,8.0
MEGHALAYA,2015,UG+PG,630.0,3.0,8.0
MEGHALAYA,2016,Diploma,2.0,150.0,6.0
MEGHALAYA,2016,PG,1.0,420.0,6.0
MEGHALAYA,2016,UG,3.0,380.0,6.0
MEGHALAYA,2017,Diploma,3.0,380.0,7.0
MEGHALAYA,2017,PG,2.0,150.0,7.0
MEGHALAYA,2017,UG,2.0,660.0,7.0
MEGHALAYA,2018,Diploma,3.0,380.0,7.0
MEGHALAYA,2018,PG,2.0,150.0,7.0
MEGHALAYA,2018,UG,2.0,660.0,7.0
MEGHALAYA,2019,Diploma,380.0,3.0,7.0
MEGHALAYA,2019,PG,150.0,2.0,7.0
MEGHALAYA,2019,UG,660.0,2.0,7.0
MEGHALAYA,2020,Diploma,370.0,5.0,7.0
MEGHALAYA,2020,PG,150.0,2.0,7.0
MEGHALAYA,2020,UG,630.0,2.0,7.0
MEGHALAYA,2021,Diploma,370.0,3.0,7.0
MEGHALAYA,2021,PG,150.0,2.0,7.0
MEGHALAYA,2021,UG,510.0,2.0,7.0
MIZORAM,2012,Diploma,1.0,0.0,0.0
MIZORAM,2012,UG+PG,0.0,30.0,0.0
MIZORAM,2013,Diploma,240.0,4.0,0.0
MIZORAM,2013,UG+PG,120.0,3.0,0.0
MIZORAM,2014,Diploma,180.0,3.0,0.0
MIZORAM,2014,UG+PG,60.0,2.0,0.0
MIZORAM,2015,Diploma,180.0,3.0,5.0
MIZORAM,2015,UG+PG,92.0,2.0,5.0
MIZORAM,2016,Diploma,3.0,122.0,4.0
MIZORAM,2016,PG,1.0,30.0,4.0
MIZORAM,2016,UG,3.0,240.0,4.0
MIZORAM,2017,Diploma,3.0,240.0,4.0
MIZORAM,2017,PG,3.0,122.0,4.0
MIZORAM,2017,UG,1.0,30.0,4.0
MIZORAM,2018,Diploma,3.0,240.0,4.0
MIZORAM,2018,PG,3.0,122.0,4.0
MIZORAM,2018,UG,1.0,30.0,4.0
MIZORAM,2019,Diploma,240.0,3.0,4.0
MIZORAM,2019,PG,122.0,3.0,4.0
MIZORAM,2019,UG,30.0,1.0,4.0
MIZORAM,2020,Diploma,270.0,4.0,5.0
MIZORAM,2020,PG,92.0,2.0,5.0
MIZORAM,2020,UG,180.0,2.0,5.0
MIZORAM,2021,Diploma,270.0,3.0,5.0
MIZORAM,2021,PG,92.0,2.0,5.0
MIZORAM,2021,UG,180.0,2.0,5.0
NAGALAND,2013,Diploma,0.0,0.0,0.0
NAGALAND,2013,UG+PG,300.0,2.0,0.0
NAGALAND,2014,Diploma,60.0,1.0,0.0
NAGALAND,2014,UG+PG,300.0,2.0,0.0
NAGALAND,2015,Diploma,120.0,2.0,4.0
NAGALAND,2015,UG+PG,300.0,2.0,4.0
NAGALAND,2016,Diploma,1.0,60.0,6.0
NAGALAND,2016,PG,1.0,240.0,6.0
NAGALAND,2016,UG,4.0,300.0,6.0
NAGALAND,2017,Diploma,6.0,495.0,8.0
NAGALAND,2017,PG,1.0,60.0,8.0
NAGALAND,2017,UG,1.0,240.0,8.0
NAGALAND,2018,Diploma,9.0,585.0,13.0
NAGALAND,2018,PG,2.0,120.0,13.0
NAGALAND,2018,UG,2.0,540.0,13.0
NAGALAND,2019,Diploma,585.0,9.0,13.0
NAGALAND,2019,PG,120.0,2.0,13.0
NAGALAND,2019,UG,540.0,2.0,13.0
NAGALAND,2020,Diploma,525.0,9.0,12.0
NAGALAND,2020,PG,30.0,1.0,12.0
NAGALAND,2020,UG,180.0,2.0,12.0
NAGALAND,2021,Diploma,465.0,8.0,11.0
NAGALAND,2021,PG,30.0,1.0,11.0
NAGALAND,2021,UG,180.0,2.0,11.0
ODISHA,2012,Diploma,263.0,109.0,0.0
ODISHA,2012,UG+PG,34005.0,63367.0,0.0
ODISHA,2013,Diploma,37230.0,119.0,0.0
ODISHA,2013,UG+PG,64425.0,259.0,0.0
ODISHA,2014,Diploma,44840.0,142.0,0.0
ODISHA,2014,UG+PG,66729.0,253.0,0.0
ODISHA,2015,Diploma,46489.0,154.0,373.0
ODISHA,2015,UG+PG,65850.0,247.0,373.0
ODISHA,2016,Diploma,136.0,16102.0,302.0
ODISHA,2016,PG,113.0,47618.0,302.0
ODISHA,2016,UG,154.0,47265.0,302.0
ODISHA,2017,Diploma,159.0,47750.0,303.0
ODISHA,2017,PG,133.0,15312.0,303.0
ODISHA,2017,UG,111.0,45328.0,303.0
ODISHA,2018,Diploma,158.0,46321.0,301.0
ODISHA,2018,PG,131.0,15145.0,301.0
ODISHA,2018,UG,111.0,41985.0,301.0
ODISHA,2019,Diploma,46321.0,158.0,300.0
ODISHA,2019,PG,15059.0,130.0,300.0
ODISHA,2019,UG,41985.0,111.0,300.0
ODISHA,2020,Diploma,47684.0,172.0,316.0
ODISHA,2020,PG,19111.0,195.0,316.0
ODISHA,2020,UG,39393.0,113.0,316.0
ODISHA,2021,Diploma,47607.0,165.0,318.0
ODISHA,2021,PG,22851.0,149.0,318.0
ODISHA,2021,UG,40036.0,108.0,318.0
PUDUCHERRY,2012,Diploma,31.0,9.0,0.0
PUDUCHERRY,2012,UG+PG,2670.0,8188.0,0.0
PUDUCHERRY,2013,Diploma,2910.0,10.0,0.0
PUDUCHERRY,2013,UG+PG,9496.0,32.0,0.0
PUDUCHERRY,2014,Diploma,2850.0,10.0,0.0
PUDUCHERRY,2014,UG+PG,11038.0,35.0,0.0
PUDUCHERRY,2015,Diploma,2830.0,9.0,43.0
PUDUCHERRY,2015,UG+PG,10954.0,35.0,43.0
PUDUCHERRY,2016,Diploma,17.0,1937.0,31.0
PUDUCHERRY,2016,PG,20.0,9000.0,31.0
PUDUCHERRY,2016,UG,9.0,2402.0,31.0
PUDUCHERRY,2017,Diploma,9.0,2422.0,29.0
PUDUCHERRY,2017,PG,14.0,1733.0,29.0
PUDUCHERRY,2017,UG,19.0,8700.0,29.0
PUDUCHERRY,2018,Diploma,9.0,2422.0,751.0
PUDUCHERRY,2018,PG,13.0,1688.0,751.0
PUDUCHERRY,2018,UG,19.0,110303.0,751.0
PUDUCHERRY,2019,Diploma,2422.0,9.0,29.0
PUDUCHERRY,2019,PG,1688.0,13.0,29.0
PUDUCHERRY,2019,UG,8010.0,19.0,29.0
PUDUCHERRY,2020,Diploma,2392.0,9.0,27.0
PUDUCHERRY,2020,PG,1463.0,17.0,27.0
PUDUCHERRY,2020,UG,7683.0,18.0,27.0
PUDUCHERRY,2021,Diploma,2402.0,9.0,26.0
PUDUCHERRY,2021,PG,1495.0,9.0,26.0
PUDUCHERRY,2021,UG,7170.0,17.0,26.0
PUNJAB,2012,Diploma,351.0,187.0,0.0
PUNJAB,2012,UG+PG,63277.0,68612.0,0.0
PUNJAB,2013,Diploma,65417.0,201.0,0.0
PUNJAB,2013,UG+PG,72435.0,355.0,0.0
PUNJAB,2014,Diploma,68563.0,211.0,0.0
PUNJAB,2014,UG+PG,76011.0,356.0,0.0
PUNJAB,2015,Diploma,67767.0,212.0,520.0
PUNJAB,2015,UG+PG,72604.0,342.0,520.0
PUNJAB,2016,Diploma,183.0,20468.0,376.0
PUNJAB,2016,PG,144.0,47253.0,376.0
PUNJAB,2016,UG,195.0,67055.0,376.0
PUNJAB,2017,Diploma,206.0,65755.0,384.0
PUNJAB,2017,PG,180.0,19826.0,384.0
PUNJAB,2017,UG,143.0,44315.0,384.0
PUNJAB,2018,Diploma,222.0,56995.0,393.0
PUNJAB,2018,PG,168.0,16424.0,393.0
PUNJAB,2018,UG,147.0,39277.0,393.0
PUNJAB,2019,Diploma,56935.0,221.0,393.0
PUNJAB,2019,PG,16424.0,168.0,393.0
PUNJAB,2019,UG,39262.0,147.0,393.0
PUNJAB,2020,Diploma,39384.0,190.0,309.0
PUNJAB,2020,PG,13665.0,207.0,309.0
PUNJAB,2020,UG,31642.0,129.0,309.0
PUNJAB,2021,Diploma,34604.0,141.0,276.0
PUNJAB,2021,PG,13223.0,136.0,276.0
PUNJAB,2021,UG,30139.0,114.0,276.0
RAJASTHAN,2012,Diploma,374.0,221.0,0.0
RAJASTHAN,2012,UG+PG,51830.0,86950.0,0.0
RAJASTHAN,2013,Diploma,58965.0,244.0,0.0
RAJASTHAN,2013,UG+PG,89797.0,359.0,0.0
RAJASTHAN,2014,Diploma,65035.0,264.0,0.0
RAJASTHAN,2014,UG+PG,89820.0,341.0,0.0
RAJASTHAN,2015,Diploma,63815.0,262.0,539.0
RAJASTHAN,2015,UG+PG,82958.0,323.0,539.0
RAJASTHAN,2016,Diploma,152.0,15606.0,417.0
RAJASTHAN,2016,PG,161.0,60223.0,417.0
RAJASTHAN,2016,UG,233.0,58455.0,417.0
RAJASTHAN,2017,Diploma,226.0,53250.0,402.0
RAJASTHAN,2017,PG,138.0,13905.0,402.0
RAJASTHAN,2017,UG,161.0,56429.0,402.0
RAJASTHAN,2018,Diploma,206.0,41395.0,372.0
RAJASTHAN,2018,PG,135.0,13342.0,372.0
RAJASTHAN,2018,UG,155.0,48473.0,372.0
RAJASTHAN,2019,Diploma,41335.0,205.0,371.0
RAJASTHAN,2019,PG,13342.0,135.0,371.0
RAJASTHAN,2019,UG,48563.0,154.0,371.0
RAJASTHAN,2020,Diploma,33810.0,168.0,313.0
RAJASTHAN,2020,PG,11629.0,165.0,313.0
RAJASTHAN,2020,UG,38771.0,131.0,313.0
RAJASTHAN,2021,Diploma,32652.0,147.0,297.0
RAJASTHAN,2021,PG,11823.0,112.0,297.0
RAJASTHAN,2021,UG,37209.0,117.0,297.0
SIKKIM,2012,Diploma,4.0,2.0,0.0
SIKKIM,2012,UG+PG,405.0,999.0,0.0
SIKKIM,2013,Diploma,405.0,2.0,0.0
SIKKIM,2013,UG+PG,1035.0,4.0,0.0
SIKKIM,2014,Diploma,405.0,2.0,0.0
SIKKIM,2014,UG+PG,1155.0,4.0,0.0
SIKKIM,2015,Diploma,405.0,2.0,6.0
SIKKIM,2015,UG+PG,1149.0,4.0,6.0
SIKKIM,2016,Diploma,2.0,249.0,5.0
SIKKIM,2016,PG,2.0,840.0,5.0
SIKKIM,2016,UG,3.0,465.0,5.0
SIKKIM,2017,Diploma,3.0,510.0,5.0
SIKKIM,2017,PG,2.0,234.0,5.0
SIKKIM,2017,UG,2.0,840.0,5.0
SIKKIM,2018,Diploma,3.0,570.0,7.0
SIKKIM,2018,PG,2.0,234.0,7.0
SIKKIM,2018,UG,4.0,800.0,7.0
SIKKIM,2019,Diploma,570.0,3.0,7.0
SIKKIM,2019,PG,234.0,2.0,7.0
SIKKIM,2019,UG,800.0,4.0,7.0
SIKKIM,2020,Diploma,525.0,2.0,6.0
SIKKIM,2020,PG,225.0,4.0,6.0
SIKKIM,2020,UG,840.0,4.0,6.0
SIKKIM,2021,Diploma,525.0,2.0,6.0
SIKKIM,2021,PG,216.0,2.0,6.0
SIKKIM,2021,UG,840.0,4.0,6.0
TAMIL NADU,2012,Diploma,1283.0,481.0,0.0
TAMIL NADU,2012,UG+PG,188699.0,343301.0,0.0
TAMIL NADU,2013,Diploma,204029.0,491.0,0.0
TAMIL NADU,2013,UG+PG,374694.0,1279.0,0.0
TAMIL NADU,2014,Diploma,211893.0,497.0,0.0
TAMIL NADU,2014,UG+PG,384621.0,1227.0,0.0
TAMIL NADU,2015,Diploma,215223.0,515.0,1688.0
TAMIL NADU,2015,UG+PG,374122.0,1185.0,1688.0
TAMIL NADU,2016,Diploma,713.0,81685.0,1344.0
TAMIL NADU,2016,PG,570.0,283025.0,1344.0
TAMIL NADU,2016,UG,513.0,213065.0,1344.0
TAMIL NADU,2017,Diploma,511.0,208786.0,1340.0
TAMIL NADU,2017,PG,701.0,78285.0,1340.0
TAMIL NADU,2017,UG,575.0,273439.0,1340.0
TAMIL NADU,2018,Diploma,502.0,198874.0,384.0
TAMIL NADU,2018,PG,704.0,86242.0,384.0
TAMIL NADU,2018,UG,595.0,60195.0,384.0
TAMIL NADU,2019,Diploma,198784.0,501.0,1334.0
TAMIL NADU,2019,PG,86212.0,704.0,1334.0
TAMIL NADU,2019,UG,304138.0,593.0,1334.0
TAMIL NADU,2020,Diploma,184371.0,501.0,1243.0
TAMIL NADU,2020,PG,71671.0,911.0,1243.0
TAMIL NADU,2020,UG,268144.0,547.0,1243.0
TAMIL NADU,2021,Diploma,178498.0,486.0,1203.0
TAMIL NADU,2021,PG,68740.0,603.0,1203.0
TAMIL NADU,2021,UG,252812.0,499.0,1203.0
TELANGANA,2012,Diploma,1010.205524997719,178.36893948136705,0.0
TELANGANA,2012,UG+PG,41012.440609288795,245367.37563352013,0.0
TELANGANA,2013,Diploma,50821.0768845739,210.64916518797173,0.0
TELANGANA,2013,UG+PG,249359.7773949511,919.5725835907135,0.0
TELANGANA,2014,Diploma,62940.0,263.0,0.0
TELANGANA,2014,UG+PG,353056.0,1097.0,0.0
TELANGANA,2015,Diploma,62040.0,261.0,1101.0
TELANGANA,2015,UG+PG,299102.0,999.0,1101.0
TELANGANA,2016,Diploma,623.0,111260.0,752.0
TELANGANA,2016,PG,420.0,155743.0,752.0
TELANGANA,2016,UG,236.0,59590.0,752.0
TELANGANA,2017,Diploma,215.0,54370.0,701.0
TELANGANA,2017,PG,576.0,98411.0,701.0
TELANGANA,2017,UG,387.0,142241.0,701.0
TELANGANA,2018,Diploma,203.0,52429.0,669.0
TELANGANA,2018,PG,545.0,86841.0,669.0
TELANGANA,2018,UG,363.0,130548.0,669.0
TELANGANA,2019,Diploma,52429.0,203.0,669.0
TELANGANA,2019,PG,86801.0,545.0,669.0
TELANGANA,2019,UG,130548.0,363.0,669.0
TELANGANA,2020,Diploma,42075.0,165.0,559.0
TELANGANA,2020,PG,70354.0,575.0,559.0
TELANGANA,2020,UG,119188.0,289.0,559.0
TELANGANA,2021,Diploma,38317.0,139.0,511.0
TELANGANA,2021,PG,65752.0,398.0,511.0
TELANGANA,2021,UG,117093.0,238.0,511.0
THE DADRA AND NAGAR HAVELI AND DAMAN AND DIU,2012,Diploma,2.0,11.0,0.0
THE DADRA AND NAGAR HAVELI AND DAMAN AND DIU,2012,UG+PG,690.0,246.0,0.0
THE DADRA AND NAGAR HAVELI AND DAMAN AND DIU,2013,Diploma,690.0,2.0,0.0
THE DADRA AND NAGAR HAVELI AND DAMAN AND DIU,2013,UG+PG,246.0,2.0,0.0
THE DADRA AND NAGAR HAVELI AND DAMAN AND DIU,2014,Diploma,690.0,2.0,0.0
THE DADRA AND NAGAR HAVELI AND DAMAN AND DIU,2014,UG+PG,246.0,2.0,0.0
THE DADRA AND NAGAR HAVELI AND DAMAN AND DIU,2015,Diploma,870.0,3.0,5.0
THE DADRA AND NAGAR HAVELI AND DAMAN AND DIU,2015,UG+PG,246.0,2.0,5.0
THE DADRA AND NAGAR HAVELI AND DAMAN AND DIU,2016,Diploma,2.0,186.0,5.0
THE DADRA AND NAGAR HAVELI AND DAMAN AND DIU,2016,PG,1.0,60.0,5.0
THE DADRA AND NAGAR HAVELI AND DAMAN AND DIU,2016,UG,3.0,870.0,5.0
THE DADRA AND NAGAR HAVELI AND DAMAN AND DIU,2017,Diploma,3.0,990.0,5.0
THE DADRA AND NAGAR HAVELI AND DAMAN AND DIU,2017,PG,2.0,150.0,5.0
THE DADRA AND NAGAR HAVELI AND DAMAN AND DIU,2017,UG,1.0,60.0,5.0
THE DADRA AND NAGAR HAVELI AND DAMAN AND DIU,2018,Diploma,3.0,930.0,6.0
THE DADRA AND NAGAR HAVELI AND DAMAN AND DIU,2018,PG,2.0,90.0,6.0
THE DADRA AND NAGAR HAVELI AND DAMAN AND DIU,2018,UG,2.0,240.0,6.0
THE DADRA AND NAGAR HAVELI AND DAMAN AND DIU,2019,Diploma,930.0,3.0,6.0
THE DADRA AND NAGAR HAVELI AND DAMAN AND DIU,2019,PG,90.0,2.0,6.0
THE DADRA AND NAGAR HAVELI AND DAMAN AND DIU,2019,UG,240.0,2.0,6.0
THE DADRA AND NAGAR HAVELI AND DAMAN AND DIU,2020,Diploma,1050.0,3.0,6.0
THE DADRA AND NAGAR HAVELI AND DAMAN AND DIU,2020,PG,90.0,2.0,6.0
THE DADRA AND NAGAR HAVELI AND DAMAN AND DIU,2020,UG,360.0,2.0,6.0
THE DADRA AND NAGAR HAVELI AND DAMAN AND DIU,2021,Diploma,1026.0,3.0,6.0
THE DADRA AND NAGAR HAVELI AND DAMAN AND DIU,2021,PG,96.0,2.0,6.0
THE DADRA AND NAGAR HAVELI AND DAMAN AND DIU,2021,UG,360.0,2.0,6.0
TRIPURA,2012,Diploma,1.0,4.0,0.0
TRIPURA,2012,UG+PG,490.0,300.0,0.0
TRIPURA,2013,Diploma,490.0,4.0,0.0
TRIPURA,2013,UG+PG,300.0,1.0,0.0
TRIPURA,2014,Diploma,850.0,6.0,0.0
TRIPURA,2014,UG+PG,630.0,3.0,0.0
TRIPURA,2015,Diploma,970.0,8.0,18.0
TRIPURA,2015,UG+PG,1350.0,12.0,18.0
TRIPURA,2016,Diploma,3.0,180.0,12.0
TRIPURA,2016,PG,3.0,630.0,12.0
TRIPURA,2016,UG,6.0,1030.0,12.0
TRIPURA,2017,Diploma,7.0,1150.0,13.0
TRIPURA,2017,PG,3.0,180.0,13.0
TRIPURA,2017,UG,3.0,630.0,13.0
TRIPURA,2018,Diploma,7.0,1150.0,13.0
TRIPURA,2018,PG,3.0,180.0,13.0
TRIPURA,2018,UG,3.0,623.0,13.0
TRIPURA,2019,Diploma,1150.0,7.0,13.0
TRIPURA,2019,PG,180.0,3.0,13.0
TRIPURA,2019,UG,623.0,3.0,13.0
TRIPURA,2020,Diploma,1330.0,10.0,14.0
TRIPURA,2020,PG,261.0,4.0,14.0
TRIPURA,2020,UG,660.0,3.0,14.0
TRIPURA,2021,Diploma,1630.0,10.0,14.0
TRIPURA,2021,PG,294.0,5.0,14.0
TRIPURA,2021,UG,660.0,3.0,14.0
UTTAR PRADESH,2012,Diploma,1180.0,353.0,0.0
UTTAR PRADESH,2012,UG+PG,93340.0,246435.0,0.0
UTTAR PRADESH,2013,Diploma,112468.0,413.0,0.0
UTTAR PRADESH,2013,UG+PG,261277.0,1164.0,0.0
UTTAR PRADESH,2014,Diploma,133146.0,475.0,0.0
UTTAR PRADESH,2014,UG+PG,262930.0,1126.0,0.0
UTTAR PRADESH,2015,Diploma,135942.0,489.0,1436.0
UTTAR PRADESH,2015,UG+PG,258442.0,1118.0,1436.0
UTTAR PRADESH,2016,Diploma,649.0,91141.0,1131.0
UTTAR PRADESH,2016,PG,417.0,156033.0,1131.0
UTTAR PRADESH,2016,UG,512.0,144863.0,1131.0
UTTAR PRADESH,2017,Diploma,567.0,146630.0,1165.0
UTTAR PRADESH,2017,PG,626.0,85700.0,1165.0
UTTAR PRADESH,2017,UG,413.0,138732.0,1165.0
UTTAR PRADESH,2018,Diploma,757.0,152160.0,1266.0
UTTAR PRADESH,2018,PG,543.0,70936.0,1266.0
UTTAR PRADESH,2018,UG,421.0,118884.0,1266.0
UTTAR PRADESH,2019,Diploma,152100.0,753.0,1261.0
UTTAR PRADESH,2019,PG,70574.0,539.0,1261.0
UTTAR PRADESH,2019,UG,118844.0,418.0,1261.0
UTTAR PRADESH,2020,Diploma,139963.0,733.0,1122.0
UTTAR PRADESH,2020,PG,52112.0,600.0,1122.0
UTTAR PRADESH,2020,UG,104731.0,431.0,1122.0
UTTAR PRADESH,2021,Diploma,126011.0,543.0,925.0
UTTAR PRADESH,2021,PG,49697.0,432.0,925.0
UTTAR PRADESH,2021,UG,92246.0,297.0,925.0
UTTARAKHAND,2012,Diploma,280.0,188.0,0.0
UTTARAKHAND,2012,UG+PG,28346.0,50978.0,0.0
UTTARAKHAND,2013,Diploma,17173.0,106.0,0.0
UTTARAKHAND,2013,UG+PG,26761.0,139.0,0.0
UTTARAKHAND,2014,Diploma,19053.0,109.0,0.0
UTTARAKHAND,2014,UG+PG,24197.0,125.0,0.0
UTTARAKHAND,2015,Diploma,19233.0,109.0,204.0
UTTARAKHAND,2015,UG+PG,22734.0,116.0,204.0
UTTARAKHAND,2016,Diploma,75.0,7781.0,183.0
UTTARAKHAND,2016,PG,51.0,13691.0,183.0
UTTARAKHAND,2016,UG,113.0,20913.0,183.0
UTTARAKHAND,2017,Diploma,130.0,21013.0,198.0
UTTARAKHAND,2017,PG,73.0,7043.0,198.0
UTTARAKHAND,2017,UG,50.0,12686.0,198.0
UTTARAKHAND,2018,Diploma,136.0,20183.0,194.0
UTTARAKHAND,2018,PG,66.0,6340.0,194.0
UTTARAKHAND,2018,UG,48.0,11795.0,194.0
UTTARAKHAND,2019,Diploma,20143.0,136.0,194.0
UTTARAKHAND,2019,PG,6380.0,67.0,194.0
UTTARAKHAND,2019,UG,11795.0,48.0,194.0
UTTARAKHAND,2020,Diploma,15797.0,151.0,187.0
UTTARAKHAND,2020,PG,5670.0,76.0,187.0
UTTARAKHAND,2020,UG,10648.0,54.0,187.0
UTTARAKHAND,2021,Diploma,13537.0,120.0,178.0
UTTARAKHAND,2021,PG,5321.0,57.0,178.0
UTTARAKHAND,2021,UG,10648.0,52.0,178.0
WEST BENGAL,2012,Diploma,211.0,100.0,0.0
WEST BENGAL,2012,UG+PG,22880.0,48574.0,0.0
WEST BENGAL,2013,Diploma,26360.0,108.0,0.0
WEST BENGAL,2013,UG+PG,50742.0,211.0,0.0
WEST BENGAL,2014,Diploma,32690.0,132.0,0.0
WEST BENGAL,2014,UG+PG,54556.0,212.0,0.0
WEST BENGAL,2015,Diploma,34902.0,143.0,327.0
WEST BENGAL,2015,UG+PG,53584.0,210.0,327.0
WEST BENGAL,2016,Diploma,108.0,11945.0,278.0
WEST BENGAL,2016,PG,105.0,39282.0,278.0
WEST BENGAL,2016,UG,156.0,39260.0,278.0
WEST BENGAL,2017,Diploma,163.0,40058.0,286.0
WEST BENGAL,2017,PG,107.0,11176.0,286.0
WEST BENGAL,2017,UG,108.0,38448.0,286.0
WEST BENGAL,2018,Diploma,165.0,40170.0,286.0
WEST BENGAL,2018,PG,104.0,10474.0,286.0
WEST BENGAL,2018,UG,111.0,38598.0,286.0
WEST BENGAL,2019,Diploma,40170.0,165.0,286.0
WEST BENGAL,2019,PG,10474.0,104.0,286.0
WEST BENGAL,2019,UG,38598.0,111.0,286.0
WEST BENGAL,2020,Diploma,41690.0,206.0,302.0
WEST BENGAL,2020,PG,9820.0,134.0,302.0
WEST BENGAL,2020,UG,37720.0,130.0,302.0
WEST BENGAL,2021,Diploma,40209.0,184.0,287.0
WEST BENGAL,2021,PG,9823.0,97.0,287.0
WEST BENGAL,2021,UG,36679.0,112.0,287.0
